,open time,open,high,low,close,volume,close time,quote_asset_volume,number of trades,taker_buy_base_asset_volume,taker_buy_quote_asset_volume,unused field
0,1623801600000,2493.19,2578.98,2142.53,2365.41,3750.801,1623887999999,9198309.61414,16620,1988.515,4900651.95613,0
1,1623888000000,2365.2,2459.45,2305.16,2371.38,5456.596,1623974399999,12982657.9516,54143,2738.234,6519554.20405,0
2,1623974400000,2371.52,2375.67,2135.8,2231.6,13433.499,1624060799999,30139761.97027,75497,6363.785,14292831.49111,0
3,1624060800000,2231.89,2279.6,2160.6,2163.72,12997.874,1624147199999,28919261.01328,84303,6659.864,14824480.34596,0
4,1624147200000,2164.38,2276.5,2040.75,2242.78,17914.093,1624233599999,38434345.91994,78403,8695.999,18668166.46457,0
5,1624233600000,2242.88,2261.6,1864.95,1884.92,45195.222,1624319999999,90450073.07235,167159,23216.292,46548180.66673,0
6,1624320000000,1884.67,1996.64,1700.0,1878.85,48948.517,1624406399999,91173546.87317,173166,24683.865,45969038.15502,0
7,1624406400000,1877.32,2043.85,1821.37,1966.11,29902.522,1624492799999,58956171.60363,107911,15312.185,30181684.95085,0
8,1624492800000,1966.85,2035.62,1884.43,1988.65,21989.511,1624579199999,43141767.77614,87040,11117.964,21805981.82098,0
9,1624579200000,1990.0,2019.23,1788.11,1808.59,43303.373,1624665599999,81125308.73172,139040,21090.45,39521098.00223,0
10,1624665600000,1808.57,1851.1,1715.8,1829.25,45970.121,1624751999999,81615070.67911,130736,24072.794,42747541.53451,0
11,1624752000000,1829.0,1983.7,1805.02,1981.0,38273.072,1624838399999,71107788.72042,122412,19738.512,36703128.62745,0
12,1624838400000,1980.77,2145.99,1960.41,2083.04,47925.33,1624924799999,98396905.44258,152903,23603.838,48462176.57828,0
13,1624924800000,2083.14,2244.0,2073.18,2164.62,43133.802,1625011199999,93607598.17817,180925,21741.876,47199787.41253,0
14,1625011200000,2164.35,2288.54,2088.89,2274.25,54442.611,1625097599999,117971208.28701,211824,26813.339,58158516.42868,0
15,1625097600000,2274.39,2274.46,2061.2,2106.13,47321.704,1625183999999,101404760.06965,204317,22938.106,49132783.37992,0
16,1625184000000,2106.03,2158.86,2016.97,2152.37,44005.684,1625270399999,91334066.6029,184468,22856.668,47449333.28645,0
17,1625270400000,2152.79,2238.2,2112.16,2226.48,30643.124,1625356799999,67246103.2936,160557,15804.684,34709183.94466,0
18,1625356800000,2226.78,2388.92,2188.7,2321.83,37457.725,1625443199999,86478601.77118,163630,18979.104,43774519.77208,0
19,1625443200000,2321.83,2323.25,2156.0,2195.08,61083.923,1625529599999,136898547.45018,259835,29594.427,66318974.78956,0
20,1625529600000,2195.16,2348.92,2189.1,2321.94,66551.219,1625615999999,152537708.15859,299296,33601.638,77044476.4758,0
21,1625616000000,2321.85,2409.65,2292.76,2315.24,49484.656,1625702399999,116677959.2106,200009,23573.387,55604986.11768,0
22,1625702400000,2315.2,2324.15,2084.27,2114.9,74947.49,1625788799999,163746562.8837,309024,36622.644,79984357.96952,0
23,1625788800000,2115.08,2189.2,2046.77,2147.18,68440.987,1625875199999,145200780.89429,257793,35465.035,75276487.36562,0
24,1625875200000,2147.18,2194.04,2073.88,2110.11,57185.073,1625961599999,120979902.74454,225147,28503.069,60325842.9814,0
25,1625961600000,2110.18,2174.0,2080.69,2140.22,42521.268,1626047999999,90237581.48969,193343,21912.024,46528835.23679,0
26,1626048000000,2140.28,2167.28,2006.03,2031.33,59238.75,1626134399999,123098341.04285,184751,28615.197,59472526.39188,0
27,1626134400000,2031.73,2046.1,1915.99,1940.43,64832.379,1626220799999,128871098.71771,166573,32194.353,64016207.90382,0
28,1626220800000,1940.14,2018.44,1862.26,1994.35,68244.823,1626307199999,132437127.95545,216148,34444.899,66871440.29794,0
29,1626307200000,1994.16,2040.49,1880.0,1919.4,77205.883,1626393599999,149291273.95133,224509,38171.752,73856234.85297,0
30,1626393600000,1919.05,1965.2,1847.6,1876.4,79929.084,1626479999999,152128621.36231,200422,41293.337,78637091.59484,0
31,1626480000000,1876.39,1920.0,1843.3,1898.33,70792.077,1626566399999,133330495.68684,188191,36174.578,68167252.09299,0
32,1626566400000,1898.51,1994.6,1875.23,1890.37,82023.547,1626652799999,158783315.30914,236990,41179.404,79799545.45389,0
33,1626652800000,1890.52,1917.6,1802.47,1818.17,87527.774,1626739199999,162012161.6636,262067,43011.079,79666609.06789,0
34,1626739200000,1818.19,1841.79,1716.55,1784.69,131446.449,1626825599999,231868106.25326,354680,65673.428,115881727.29152,0
35,1626825600000,1784.8,2034.97,1752.88,1995.12,131060.212,1626911999999,249654386.68519,413766,68053.851,129669232.19083,0
36,1626912000000,1995.12,2046.51,1944.39,2023.43,104122.878,1626998399999,208002026.60348,327052,52352.482,104629869.76917,0
37,1626998400000,2023.82,2131.93,1993.0,2124.12,77354.532,1627084799999,158888659.80848,266169,38773.915,79701341.17635,0
38,1627084800000,2124.18,2197.83,2105.31,2183.7,69201.996,1627171199999,148624257.87148,278626,35479.763,76230604.98228,0
39,1627171200000,2184.06,2196.92,2107.0,2189.66,77161.418,1627257599999,166210126.07776,287299,38858.997,83731668.90379,0
40,1627257600000,2189.82,2434.76,2171.2,2227.14,169637.03,1627343999999,391801138.95923,507566,82760.441,191173150.2188,0
41,1627344000000,2227.02,2319.4,2150.0,2298.82,115628.867,1627430399999,258684616.26338,424960,57475.67,128618942.42373,0
42,1627430400000,2298.73,2345.4,2242.36,2299.36,90684.656,1627516799999,208170051.65579,356514,45139.879,103659702.43744,0
43,1627516800000,2299.8,2401.33,2265.41,2381.96,63872.053,1627603199999,148230566.61131,252616,33146.268,76970196.00472,0
44,1627603200000,2382.15,2474.27,2316.94,2462.11,96900.086,1627689599999,231493897.84709,307010,49151.932,117487520.65652,0
45,1627689600000,2461.96,2553.88,2420.73,2531.15,55474.506,1627775999999,137066352.18054,227105,28251.184,69833394.34202,0
46,1627776000000,2531.19,2698.45,2513.1,2554.97,95924.881,1627862399999,249284403.12526,303942,47267.355,122848903.36036,0
47,1627862400000,2555.19,2665.24,2507.0,2606.98,84995.009,1627948799999,220832212.46109,304875,41466.194,107761802.05377,0
48,1627948800000,2607.24,2633.08,2435.98,2506.92,132151.573,1628035199999,330887197.34765,370672,64225.174,160789370.26415,0
49,1628035200000,2506.93,2773.0,2458.24,2724.91,156397.119,1628121599999,409353574.67967,389047,80283.707,210127996.23482,0
50,1628121600000,2724.84,2844.44,2527.76,2827.1,239504.673,1628207999999,648239094.51395,548359,118587.078,321224845.47913,0
51,1628208000000,2827.15,2947.82,2720.06,2891.91,104399.007,1628294399999,294889267.93713,342265,52660.279,148778762.80897,0
52,1628294400000,2891.8,3175.0,2866.0,3161.65,152428.283,1628380799999,464949375.15358,563506,78077.526,238167721.07701,0
53,1628380800000,3162.38,3196.07,2951.75,3014.59,133854.611,1628467199999,412834464.68694,519762,66390.168,204712743.13424,0
54,1628467200000,3014.46,3190.58,2891.35,3163.69,131253.484,1628553599999,403160641.78514,562044,66556.061,204480189.02656,0
55,1628553600000,3163.5,3237.2,3053.8,3144.5,129800.893,1628639999999,407570780.40669,520949,64837.26,203661223.20083,0
56,1628640000000,3144.69,3275.0,3122.14,3161.0,106914.887,1628726399999,343628251.89394,418517,53136.04,170833842.81487,0
57,1628726400000,3161.0,3241.12,2981.77,3047.58,105056.593,1628812799999,324714961.92445,390731,50851.219,157176348.61897,0
58,1628812800000,3047.75,3331.82,3035.84,3324.71,87320.609,1628899199999,280253738.44877,270992,44021.268,141350392.20712,0
59,1628899200000,3324.72,3335.45,3210.0,3268.63,75539.345,1628985599999,246781717.61411,263282,36480.815,119195482.22336,0
60,1628985600000,3268.63,3326.61,3040.0,3313.35,95904.602,1629071999999,307452568.5943,331830,47413.748,152012304.66432,0
61,1629072000000,3313.01,3342.5,3135.19,3148.02,81783.889,1629158399999,265709754.74973,311465,39471.718,128286136.17955,0
62,1629158400000,3148.44,3293.6,2992.72,3015.75,99696.827,1629244799999,314530232.08586,397903,48656.824,153573966.77547,0
63,1629244800000,3015.74,3127.98,2950.16,3017.49,107532.287,1629331199999,327372425.99146,319132,52673.105,160392579.07594,0
64,1629331200000,3017.49,3192.29,2961.51,3187.38,130494.864,1629417599999,397648668.00878,316523,65677.496,200286463.39216,0
65,1629417600000,3186.44,3305.64,3181.17,3286.51,91834.722,1629503999999,297831127.54994,255085,45518.871,147601918.00393,0
66,1629504000000,3287.05,3312.72,3209.28,3228.8,85609.138,1629590399999,279679067.98022,299929,41804.11,136604354.85028,0
67,1629590400000,3228.3,3276.89,3129.01,3242.28,92028.15,1629676799999,295953581.81945,257936,44758.842,143950471.70917,0
68,1629676800000,3242.29,3383.75,3233.7,3324.37,120975.618,1629763199999,402041162.29887,325144,61584.747,204645182.07307,0
69,1629763200000,3324.37,3361.85,3151.6,3174.5,135544.593,1629849599999,441854641.54244,344810,65173.45,212601291.39235,0
70,1629849600000,3174.22,3251.06,3076.32,3228.81,137328.281,1629935999999,436250112.67976,360264,64368.688,204533997.59611,0
71,1629936000000,3228.77,3253.72,3054.25,3094.17,167892.89,1630022399999,524398680.76461,379607,81614.329,254864666.54837,0
72,1630022400000,3094.35,3284.26,3062.58,3274.39,135435.433,1630108799999,430046427.1317,329811,68064.351,216202507.48702,0
73,1630108800000,3274.99,3290.31,3209.38,3247.23,72827.085,1630195199999,236307436.02207,209229,35844.11,116337968.10549,0
74,1630195200000,3247.3,3289.22,3153.54,3225.79,94374.774,1630281599999,303384875.04652,236996,45497.94,146361063.98291,0
75,1630281600000,3225.79,3347.31,3138.75,3229.26,146648.483,1630367999999,474287833.23747,369967,71605.125,231550072.14737,0
76,1630368000000,3229.49,3478.67,3188.0,3429.34,204732.403,1630454399999,686657659.87595,528314,102739.388,344629653.37941,0
77,1630454400000,3429.34,3849.2,3380.0,3830.15,216733.086,1630540799999,779880804.91563,502420,112208.051,403870705.54322,0
78,1630540800000,3830.16,3841.18,3726.04,3790.39,130013.693,1630627199999,491393960.59401,400207,62779.265,237334840.42744,0
79,1630627200000,3790.2,4036.42,3712.06,3942.87,192829.171,1630713599999,752825148.9189,562061,95669.565,373578661.87379,0
80,1630713600000,3942.88,3976.73,3837.93,3891.12,124493.905,1630799999999,486920920.67495,366208,60452.792,236454374.8944,0
81,1630800000000,3891.24,3995.0,3840.0,3954.99,112014.362,1630886399999,439119635.70093,318430,57026.412,223604806.88171,0
82,1630886400000,3954.51,3976.06,3872.0,3931.5,95693.606,1630972799999,376592013.20042,262741,48026.671,189062260.35316,0
83,1630972800000,3931.1,3955.67,3001.34,3437.02,250913.116,1631059199999,907892545.7093,790598,117231.594,424053376.92566,0
84,1631059200000,3436.58,3562.92,3218.03,3499.42,211318.833,1631145599999,719800666.89476,570509,104982.596,357621136.1287,0
85,1631145600000,3498.92,3569.55,3387.76,3426.58,159937.847,1631231999999,558330528.47548,429243,78627.084,274570294.55786,0
86,1631232000000,3426.63,3516.47,3142.15,3210.03,163010.102,1631318399999,542236977.20007,488694,79275.793,263735431.0599,0
87,1631318400000,3210.0,3348.8,3201.2,3268.02,102624.31,1631404799999,336349460.04461,301945,51205.111,167831167.81599,0
88,1631404800000,3268.33,3475.82,3231.53,3404.6,99011.034,1631491199999,334247016.34189,320855,49794.6,168084888.08183,0
89,1631491200000,3404.63,3431.68,3108.5,3284.58,233721.594,1631577599999,759936614.26906,572056,114219.8,371460407.20844,0
90,1631577600000,3284.91,3438.63,3270.36,3434.77,150586.456,1631663999999,503470921.06555,411753,77283.858,258416040.54216,0
91,1631664000000,3435.28,3617.44,3360.0,3615.43,153527.298,1631750399999,531327727.42409,387613,78386.194,271303725.22564,0
92,1631750400000,3615.43,3679.09,3483.4,3569.3,188583.874,1631836799999,677355491.57589,474795,94643.39,340007952.76386,0
93,1631836800000,3569.65,3596.65,3350.94,3401.25,137967.367,1631923199999,478251328.72435,429531,67304.744,233339694.16136,0
94,1631923200000,3401.42,3544.05,3370.49,3435.99,119337.61,1632009599999,412735603.96674,320235,60444.242,209090289.63933,0
95,1632009600000,3436.0,3458.5,3274.37,3330.03,122080.734,1632095999999,410948993.97758,305128,59569.246,200578217.182,0
96,1632096000000,3330.43,3350.0,2910.0,2978.99,367767.592,1632182399999,1137410316.68844,787072,178976.493,553383098.65514,0
97,1632182400000,2978.95,3106.61,2641.21,2766.31,406345.653,1632268799999,1187281783.8334,891264,201817.591,589963388.17434,0
98,1632268800000,2766.33,3088.95,2737.36,3077.31,264732.623,1632355199999,777762485.5077,594849,134423.318,395068693.95657,0
99,1632355200000,3077.16,3174.45,3033.07,3152.38,177634.697,1632441599999,552123027.85623,436344,90061.851,279889905.52668,0
100,1632441600000,3152.32,3158.77,2731.03,2929.26,337578.839,1632527999999,986101944.21429,823225,166190.375,485380222.59457,0
101,1632528000000,2928.96,2967.47,2800.0,2922.32,255604.529,1632614399999,742230653.14435,608490,127720.907,370933356.43989,0
102,1632614400000,2922.31,3116.79,2736.22,3060.02,269344.857,1632700799999,789765508.70882,651830,136158.569,399320216.20142,0
103,1632700800000,3060.02,3164.6,2920.63,2925.01,209402.805,1632787199999,641359823.28761,521833,103124.524,315936208.69424,0
104,1632787200000,2925.01,2970.51,2785.89,2804.25,244525.801,1632873599999,706305549.03148,586558,121897.773,352203887.75516,0
105,1632873600000,2803.76,2949.0,2780.0,2848.5,213341.333,1632959999999,612374724.93341,499365,107768.957,309403211.72296,0
106,1632960000000,2848.4,3049.83,2835.89,2999.58,250509.375,1633046399999,747538771.68834,600482,128333.199,382942416.50079,0
107,1633046400000,2999.6,3330.3,2968.2,3309.56,278098.578,1633132799999,883642220.60578,562799,145175.89,461287219.32121,0
108,1633132800000,3310.09,3469.95,3258.41,3387.66,194101.77,1633219199999,649844699.97015,437403,98455.943,329676821.78966,0
109,1633219200000,3387.66,3489.24,3343.82,3418.84,169099.757,1633305599999,577665003.23775,432159,86040.548,293946403.31283,0
110,1633305600000,3418.71,3439.34,3272.29,3387.54,228457.112,1633391999999,768366042.65947,607137,113556.159,381994655.96682,0
111,1633392000000,3387.17,3548.82,3364.5,3518.0,170143.671,1633478399999,585814526.34618,400836,87209.296,300298505.05724,0
112,1633478400000,3518.05,3637.06,3341.95,3577.74,265855.241,1633564799999,933821534.98008,598187,132827.755,466659725.00419,0
113,1633564800000,3577.82,3658.53,3472.7,3590.58,254684.466,1633651199999,910879656.05086,514498,127267.038,455206701.83904,0
114,1633651200000,3590.48,3677.76,3533.02,3564.38,235287.978,1633737599999,848985113.61138,432957,114879.16,414565368.86751,0
115,1633737600000,3564.49,3639.0,3539.26,3577.99,152196.672,1633823999999,546645253.24859,317624,75837.517,272393107.83001,0
116,1633824000000,3577.8,3608.3,3405.55,3414.8,259440.309,1633910399999,916527958.98958,523595,127275.343,449669963.88121,0
117,1633910400000,3414.8,3627.53,3369.91,3543.9,263806.467,1633996799999,932336188.27579,537328,132451.255,468139744.79952,0
118,1633996800000,3543.75,3550.46,3404.98,3493.6,290433.641,1634083199999,1011891650.2069,574814,144936.92,504955327.51098,0
119,1634083200000,3493.59,3617.37,3411.96,3609.6,281708.203,1634169599999,984423899.27319,545133,140511.199,491098245.93378,0
120,1634169600000,3609.64,3829.15,3590.73,3793.78,232912.454,1634255999999,866368589.00866,446965,117465.504,436886813.71659,0
121,1634256000000,3793.78,3912.64,3736.7,3871.8,264091.851,1634342399999,1008888546.43552,508649,129698.232,495479763.07723,0
122,1634342400000,3871.81,3979.89,3807.23,3833.62,164383.858,1634428799999,638427319.84449,321204,78576.155,305228357.99886,0
123,1634428800000,3833.51,3923.94,3635.01,3851.84,247984.601,1634515199999,945298376.95353,457852,118980.861,453561014.67809,0
124,1634515200000,3851.61,3898.46,3675.47,3748.28,232076.953,1634601599999,878765601.8563,503076,110156.569,417197070.00206,0
125,1634601600000,3748.27,3892.05,3734.54,3881.61,226263.356,1634687999999,862110563.57709,475215,110327.034,420445023.76743,0
126,1634688000000,3881.86,4173.46,3830.64,4165.56,243872.012,1634774399999,975064519.80905,491779,122443.209,489516097.77357,0
127,1634774400000,4165.07,4385.47,4014.61,4056.62,450103.461,1634860799999,1879211837.4226,914768,219659.062,917129621.31022,0
128,1634860800000,4056.53,4171.78,3886.97,3974.55,249328.838,1634947199999,1008916972.74959,534440,119751.708,484643262.25544,0
129,1634947200000,3974.72,4176.67,3939.34,4171.15,194765.901,1635033599999,789381202.88387,377981,95462.823,386938630.62244,0
130,1635033600000,4170.61,4191.71,3963.09,4084.87,217610.422,1635119999999,884152867.0611,424015,104810.971,425733446.04488,0
131,1635120000000,4084.7,4239.85,4071.45,4223.37,202643.192,1635206399999,843907017.84264,361057,99638.072,414945483.67282,0
132,1635206400000,4223.45,4304.86,4092.55,4131.61,226060.431,1635292799999,949172372.54906,448520,109375.15,459250649.12775,0
133,1635292800000,4131.75,4319.69,3914.06,3924.1,361671.048,1635379199999,1477225517.44958,702160,177438.626,724591558.26539,0
134,1635379200000,3925.0,4306.18,3886.29,4290.05,301081.919,1635465599999,1244787457.121,622378,151312.35,625693337.93105,0
135,1635465600000,4290.05,4466.56,4269.14,4421.43,302252.026,1635551999999,1319760083.25952,559698,149744.198,653885671.53052,0
136,1635552000000,4421.45,4437.61,4232.0,4325.11,190757.21,1635638399999,824937124.30872,384895,93104.361,402600602.46822,0
137,1635638400000,4325.11,4399.71,4163.33,4291.77,233381.159,1635724799999,998008022.46627,443399,116485.039,498158088.87892,0
138,1635724800000,4291.75,4390.15,4144.6,4323.2,251744.807,1635811199999,1083131033.08039,499560,125499.518,540048806.37997,0
139,1635811200000,4323.08,4607.35,4288.49,4596.0,191356.129,1635897599999,850714570.50421,416877,97341.182,432711809.80843,0
140,1635897600000,4596.0,4678.28,4458.96,4608.44,215968.018,1635983999999,988203192.55165,451276,107289.982,490973433.21612,0
141,1635984000000,4608.68,4612.38,4424.71,4537.76,190731.442,1636070399999,862204178.17742,397397,93484.241,422498389.52834,0
142,1636070400000,4537.75,4578.41,4446.68,4480.0,155071.814,1636156799999,699253397.80387,316469,78013.181,351737631.26135,0
143,1636156800000,4480.01,4538.0,4331.05,4523.89,154756.15,1636243199999,687808399.83599,319078,76713.578,340902387.79776,0
144,1636243200000,4523.9,4645.33,4510.31,4619.28,120268.701,1636329599999,551420848.08548,262824,60628.13,277942680.09679,0
145,1636329600000,4619.49,4830.73,4619.48,4816.1,172590.828,1636415999999,817859927.21283,341062,86789.411,411274421.14105,0
146,1636416000000,4816.16,4845.72,4713.74,4736.24,160276.921,1636502399999,767769346.79103,349787,79975.985,383079275.04278,0
147,1636502400000,4736.24,4876.71,4465.72,4634.58,255670.37,1636588799999,1201533856.15362,526851,126068.88,592545849.29972,0
148,1636588800000,4634.58,4786.23,4582.07,4723.15,133489.583,1636675199999,626474385.28955,328059,66243.885,310885191.78874,0
149,1636675200000,4723.14,4813.64,4511.36,4669.43,223795.14,1636761599999,1040052596.4304,468658,112007.274,520512614.41412,0
150,1636761600000,4669.44,4713.41,4586.85,4646.56,92170.278,1636847999999,428621305.6004,222696,46017.318,214003841.55162,0
151,1636848000000,4646.51,4699.69,4519.18,4630.91,139673.911,1636934399999,642440017.39745,273974,69635.921,320252494.17431,0
152,1636934400000,4631.09,4773.0,4542.03,4567.7,177281.309,1637020799999,825450470.69609,388036,88995.301,414393768.08565,0
153,1637020800000,4567.7,4567.71,4102.23,4209.6,382164.471,1637107199999,1645746776.8484,794934,187284.496,806340019.50813,0
154,1637107200000,4209.09,4300.91,4062.97,4289.19,223808.673,1637193599999,937232539.47019,521655,112477.709,471063683.00989,0
155,1637193600000,4289.67,4347.12,3960.01,3998.42,297610.164,1637279999999,1229258231.80931,645291,149484.628,617373151.17415,0
156,1637280000000,3999.26,4312.91,3976.41,4296.13,213022.278,1637366399999,881340058.93775,474220,107506.949,444633334.02164,0
157,1637366400000,4296.35,4437.95,4204.89,4414.43,142529.852,1637452799999,614991553.91237,317963,71885.31,310160162.73233,0
158,1637452800000,4414.43,4429.68,4244.56,4259.93,133185.987,1637539199999,579929453.34974,347602,66158.318,288053669.56249,0
159,1637539200000,4260.03,4325.97,4020.64,4088.01,264701.563,1637625599999,1106668341.76801,602165,132475.631,553906405.18958,0
160,1637625600000,4088.32,4389.52,4061.58,4341.58,245185.971,1637711999999,1032499109.19456,559791,123764.336,521197908.92184,0
161,1637712000000,4341.67,4377.76,4169.54,4273.26,246724.709,1637798399999,1051618566.53058,539924,125087.953,533163348.29386,0
162,1637798400000,4273.14,4560.7,4251.93,4530.37,190795.894,1637884799999,839517608.46433,419958,96229.816,423371570.70191,0
163,1637884800000,4530.35,4556.78,3907.45,4043.01,349983.995,1637971199999,1454075877.55564,842889,172153.862,715029190.72879,0
164,1637971200000,4042.89,4185.76,4030.61,4097.11,148099.381,1638057599999,609942158.04287,397265,74244.125,305746879.60135,0
165,1638057600000,4097.05,4303.0,3963.41,4297.93,205088.648,1638143999999,840891082.04904,500554,103076.156,422764999.26303,0
166,1638144000000,4297.94,4463.56,4281.75,4449.1,194265.519,1638230399999,846707982.49004,456887,98707.807,430262290.63432,0
167,1638230400000,4449.14,4759.66,4350.51,4633.6,343493.159,1638316799999,1569597944.78361,861681,172859.959,789888794.96438,0
168,1638316800000,4633.6,4783.85,4528.73,4586.93,257886.683,1638403199999,1208651362.51032,678893,127838.618,599157664.7994,0
169,1638403200000,4586.82,4640.58,4434.56,4516.17,221218.811,1638489599999,1003731923.53162,572996,109774.626,498126139.10172,0
170,1638489600000,4516.17,4660.87,4030.0,4216.79,293314.127,1638575999999,1281935562.4497,705726,144596.333,631882064.7431,0
171,1638576000000,4216.79,4239.2,3404.55,4120.56,390414.512,1638662399999,1544395418.5442,954801,193913.915,767048340.62171,0
172,1638662400000,4120.39,4252.0,4036.04,4200.71,209428.328,1638748799999,869438110.72545,542428,104375.658,433282999.51376,0
173,1638748800000,4200.72,4380.0,3924.0,4350.3,265703.131,1638835199999,1091530959.08914,717575,133011.487,546379969.44443,0
174,1638835200000,4350.24,4428.07,4258.15,4308.73,143539.199,1638921599999,624994940.07171,432066,71346.263,310646261.32169,0
175,1638921600000,4308.72,4456.84,4227.29,4440.25,150011.745,1639007999999,653011095.62166,502444,75285.69,327751262.35274,0
176,1639008000000,4440.29,4494.39,4077.21,4105.5,181958.329,1639094399999,776647045.23253,588539,91165.328,389166410.32789,0
177,1639094400000,4105.06,4238.4,3884.0,3897.15,237073.373,1639180799999,965285679.39829,677021,116597.018,474965281.21485,0
178,1639180800000,3897.05,4097.34,3831.81,4092.0,171326.281,1639267199999,686774717.59682,513382,86174.58,345500028.19584,0
179,1639267200000,4091.65,4174.93,3987.29,4131.11,110108.2,1639353599999,447758116.81518,357677,55107.276,224143212.20944,0
180,1639353600000,4131.11,4143.92,3669.0,3782.22,195172.644,1639439999999,759454008.82043,493615,94079.893,365788474.8791,0
181,1639440000000,3781.96,3882.02,3683.9,3858.91,167167.595,1639526399999,634606806.13261,388537,86730.014,329328628.06453,0
182,1639526400000,3859.0,4093.93,3641.47,4020.52,217965.21,1639612799999,842640441.48582,552695,110417.212,427136144.72626,0
183,1639612800000,4020.52,4117.0,3953.5,3958.05,136686.582,1639699199999,552235251.17621,382293,67607.905,273245621.75971,0
184,1639699200000,3958.34,3993.67,3693.33,3874.73,178311.165,1639785599999,687790457.16515,472554,89242.152,344403623.49023,0
185,1639785600000,3874.73,3997.67,3765.82,3958.81,123981.914,1639871999999,484365273.69629,397868,62783.015,245420535.20553,0
186,1639872000000,3958.81,4037.16,3882.01,3923.45,132409.944,1639958399999,522632724.04977,401010,66056.925,260788474.29967,0
187,1639958400000,3923.45,3982.33,3751.31,3944.2,163246.343,1640044799999,629840091.69191,484947,82052.006,316697918.64956,0
188,1640044800000,3944.22,4063.11,3913.46,4015.51,130897.646,1640131199999,523523228.45206,335433,67794.799,271135867.70492,0
189,1640131200000,4015.45,4076.34,3934.5,3979.92,105509.138,1640217599999,422924675.02322,272223,52908.45,212111395.80312,0
190,1640217600000,3979.83,4154.91,3893.61,4112.53,161446.757,1640303999999,645025349.71853,373074,81558.358,326071996.31178,0
191,1640304000000,4112.55,4135.93,4016.22,4046.38,100833.979,1640390399999,412301875.39671,247232,49865.489,203999364.88729,0
192,1640390400000,4046.38,4140.35,4019.51,4095.2,86574.608,1640476799999,352520125.53899,194702,44699.052,182067762.43368,0
193,1640476800000,4095.59,4106.13,4003.57,4064.01,77205.125,1640563199999,313130273.96126,185479,37753.752,153158984.92593,0
194,1640563200000,4064.17,4129.69,4033.0,4039.17,70592.356,1640649599999,287948222.18097,184927,35056.106,143025583.71646,0
195,1640649600000,4039.17,4039.18,3759.47,3792.79,153093.296,1640735999999,596081112.50286,335942,72846.116,283586733.07331,0
196,1640736000000,3793.05,3826.1,3600.0,3628.85,130988.692,1640822399999,490484833.04138,285651,63166.639,236638959.38978,0
197,1640822400000,3629.02,3766.86,3581.24,3708.64,108277.296,1640908799999,400134655.77153,223887,54929.218,203009240.16195,0
198,1640908800000,3708.63,3815.0,3622.0,3675.95,113265.979,1640995199999,422953357.44437,252019,56515.353,211050408.72465,0
199,1640995200000,3676.53,3776.47,3671.58,3764.54,66282.453,1641081599999,247042064.30306,164602,33484.065,124817824.9966,0
200,1641081600000,3763.98,3860.51,3716.92,3827.08,66068.004,1641167999999,249974350.36318,163211,33742.493,127694264.30529,0
201,1641168000000,3827.03,3850.27,3680.11,3763.97,88545.865,1641254399999,334418487.66091,228989,43733.181,165239218.41292,0
202,1641254400000,3763.99,3892.1,3713.09,3783.89,104439.109,1641340799999,397534622.56215,262627,53894.174,205098749.69608,0
203,1641340800000,3783.85,3846.34,3407.76,3537.16,137738.807,1641427199999,506715745.2319,327144,66281.198,243916322.54129,0
204,1641427200000,3536.54,3548.76,3295.43,3404.77,168345.672,1641513599999,575000145.07497,316370,82449.9,281679229.76102,0
205,1641513600000,3404.75,3416.07,3059.27,3196.07,241634.489,1641599999999,775365826.72412,468778,118963.201,381669279.46325,0
206,1641600000000,3196.08,3246.39,2996.95,3079.45,188503.48,1641686399999,589177973.37491,314271,93718.064,292929652.61703,0
207,1641686400000,3079.84,3208.87,3057.37,3150.33,131137.369,1641772799999,410478386.6518,224415,65021.056,203517718.22902,0
208,1641772800000,3150.34,3179.58,2926.85,3081.57,209190.69,1641859199999,638504317.90543,367660,105819.753,323057091.71172,0
209,1641859200000,3081.56,3262.46,3051.3,3238.09,123661.011,1641945599999,389955452.82019,228916,61630.499,194354116.07613,0
210,1641945600000,3238.1,3410.0,3200.1,3370.87,129831.889,1642031999999,429351946.52832,242240,66133.455,218714896.04446,0
211,1642032000000,3370.66,3409.66,3232.64,3240.72,115021.75,1642118399999,381583869.4781,231373,57355.738,190344971.91329,0
212,1642118400000,3240.53,3343.59,3186.26,3307.33,98500.24,1642204799999,321447959.26746,203522,49642.263,162036290.69559,0
213,1642204800000,3307.46,3371.23,3260.18,3325.22,62623.561,1642291199999,208119808.1265,132236,31365.839,104251544.01822,0
214,1642291200000,3325.43,3393.66,3273.47,3346.45,65731.187,1642377599999,218912684.42204,153999,33727.187,112349122.36715,0
215,1642377600000,3346.24,3356.68,3140.93,3209.34,91032.421,1642463999999,295392187.34859,220412,45094.776,146307121.41341,0
216,1642464000000,3209.15,3242.91,3081.66,3160.01,110792.78,1642550399999,349031491.68654,244693,57190.965,180171452.84879,0
217,1642550400000,3160.01,3174.72,3045.7,3083.79,133797.797,1642636799999,416169501.92786,273390,67502.046,209996833.10308,0
218,1642636800000,3083.62,3272.3,2985.76,3000.0,146400.548,1642723199999,461213084.82529,283079,74720.199,235542397.58037,0
219,1642723200000,2999.72,3032.31,2461.65,2567.74,348508.179,1642809599999,970597696.60359,691913,171889.627,478741213.48233,0
220,1642809600000,2567.59,2625.8,2286.49,2410.68,342635.524,1642895999999,839038186.59901,749338,170354.351,417078977.40166,0
221,1642896000000,2411.38,2549.23,2369.39,2539.36,224814.409,1642982399999,553809271.25089,351461,114193.84,281337434.99187,0
222,1642982400000,2539.21,2540.26,2157.36,2438.9,455121.245,1643068799999,1051888735.37442,649075,230545.745,532796989.20516,0
223,1643068800000,2438.74,2505.64,2350.19,2458.64,205889.55,1643155199999,498792108.43527,361801,104136.167,252236457.74684,0
224,1643155200000,2458.37,2721.81,2402.08,2462.81,268830.368,1643241599999,683727052.24476,492792,138150.2,351193660.98909,0
225,1643241600000,2463.12,2521.88,2315.24,2423.21,225473.673,1643327999999,545875180.14788,388699,116580.73,282322374.80444,0
226,1643328000000,2423.24,2558.78,2357.4,2544.02,196132.098,1643414399999,477775429.52514,363865,102012.506,248670355.17855,0
227,1643414400000,2544.06,2636.74,2520.0,2601.07,123207.49,1643500799999,316452007.08985,232510,64403.994,165475357.759,0
228,1643500800000,2600.64,2644.99,2541.45,2601.45,118425.374,1643587199999,307278830.87093,220138,60119.163,156052738.83369,0
229,1643587200000,2601.33,2707.59,2473.46,2686.51,187684.49,1643673599999,486810442.83259,320898,94856.594,246191309.89149,0
230,1643673600000,2686.51,2813.24,2672.77,2788.25,178511.246,1643759999999,492507050.5959,345721,90307.702,249148741.01361,0
231,1643760000000,2787.34,2810.62,2611.56,2679.98,227840.867,1643846399999,618724459.50582,371280,112336.349,305085766.1523,0
232,1643846400000,2680.19,2723.42,2575.76,2695.86,205350.214,1643932799999,541270047.4543,329351,103378.604,272535785.70765,0
233,1643932800000,2695.24,2995.51,2671.04,2994.8,252724.672,1644019199999,719050818.08188,411090,135813.74,386161214.9954,0
234,1644019200000,2994.76,3059.99,2960.0,3013.21,140092.09,1644105599999,422124301.54391,245855,71243.174,214706712.88573,0
235,1644105600000,3013.13,3075.35,2950.33,3055.78,105049.509,1644191999999,315913706.04107,183151,53076.539,159626074.20153,0
236,1644192000000,3055.79,3187.23,2992.85,3140.76,189589.993,1644278399999,587764992.6681,274020,97038.511,300922470.36793,0
237,1644278400000,3140.75,3233.46,3027.0,3117.58,205319.614,1644364799999,637790859.64532,345901,100388.837,311814577.87739,0
238,1644364800000,3117.58,3272.31,3055.42,3244.54,165403.378,1644451199999,522702895.59117,281014,82837.677,261881843.72227,0
239,1644451200000,3244.54,3285.64,3057.22,3072.82,242344.271,1644537599999,771021111.85513,471856,119747.384,381017949.11137,0
240,1644537600000,3072.84,3139.96,2878.0,2928.98,210629.657,1644623999999,640984910.66391,443758,105268.398,320372526.90221,0
241,1644624000000,2927.91,2985.0,2858.21,2919.57,136450.431,1644710399999,398246063.51988,306301,66898.73,195293835.78614,0
242,1644710400000,2919.57,2954.64,2835.9,2872.12,99129.597,1644796799999,287954533.25792,220075,49201.457,142969751.8247,0
243,1644796800000,2871.89,2965.21,2830.0,2929.98,207104.696,1644883199999,600382949.17008,359150,105104.543,304695726.32664,0
244,1644883200000,2930.0,3196.54,2913.06,3185.29,190397.995,1644969599999,586780306.17365,344400,98477.287,303424862.53852,0
245,1644969600000,3185.5,3187.5,3044.0,3122.63,160548.537,1645055999999,500604073.664,315342,75854.558,236570042.82073,0
246,1645056000000,3122.74,3160.25,2852.36,2892.22,237797.747,1645142399999,713737983.80746,457689,115905.662,347864209.8395,0
247,1645142400000,2892.31,2943.34,2751.94,2779.29,183877.229,1645228799999,522813433.07243,377536,91002.724,258761602.36412,0
248,1645228800000,2779.3,2831.63,2694.52,2763.63,125789.972,1645315199999,347236503.88491,238255,62314.329,172010530.27822,0
249,1645315200000,2763.3,2764.37,2575.16,2621.8,194312.122,1645401599999,514105655.70575,344036,95072.975,251418516.96922,0
250,1645401600000,2621.8,2759.0,2558.0,2569.08,319696.182,1645487999999,851358008.77082,648818,161462.37,430144012.84224,0
251,1645488000000,2568.45,2669.52,2497.33,2637.02,294693.632,1645574399999,761942145.82065,537430,152413.053,394150949.21445,0
252,1645574400000,2637.01,2752.7,2575.3,2579.3,249807.541,1645660799999,668160535.66662,446871,124549.288,333097841.45215,0
253,1645660800000,2579.3,2743.93,2298.5,2596.35,487172.777,1645747199999,1197697587.99481,933540,247475.498,608379960.53926,0
254,1645747200000,2596.07,2838.32,2571.96,2767.16,267490.31,1645833599999,716047791.3691,572026,136025.768,364131196.56812,0
255,1645833600000,2767.63,2877.33,2723.34,2779.96,147068.849,1645919999999,410453821.60531,352526,73208.477,204417992.03259,0
256,1645920000000,2779.96,2836.66,2558.0,2616.78,218094.855,1646006399999,590973740.87952,533551,106923.335,289867639.94523,0
257,1646006400000,2616.98,2959.63,2567.08,2921.16,261977.492,1646092799999,710811410.7338,531205,136343.81,370329451.28227,0
258,1646092800000,2921.5,3036.24,2852.77,2976.13,204408.2,1646179199999,601492707.65759,462242,101256.766,298082095.6431,0
259,1646179200000,2976.14,3044.83,2912.5,2947.8,202405.261,1646265599999,602060615.67303,512494,100029.38,297599380.56187,0
260,1646265600000,2947.81,2971.08,2783.21,2833.17,179664.676,1646351999999,516555868.97569,354723,86178.329,247752908.63488,0
261,1646352000000,2832.83,2835.0,2571.32,2620.64,173966.254,1646438399999,468582894.23963,428340,83519.475,224933496.68294,0
262,1646438400000,2620.64,2684.0,2588.58,2664.68,71509.306,1646524799999,188849683.33249,215010,35643.056,94140600.89875,0
263,1646524800000,2664.54,2675.31,2530.18,2549.73,90720.408,1646611199999,237740389.6818,268302,44590.013,116871795.45253,0
264,1646611200000,2549.77,2649.45,2444.0,2490.29,189377.75,1646697599999,481017533.20999,458770,94975.12,241343350.10384,0
265,1646697600000,2490.29,2623.94,2479.16,2575.24,195861.866,1646783999999,501861139.48481,524288,98972.759,253665824.28905,0
266,1646784000000,2575.25,2773.27,2566.28,2727.77,178546.094,1646870399999,484011878.17578,400540,90742.653,245871227.27533,0
267,1646870400000,2727.75,2734.17,2551.0,2606.5,196038.202,1646956799999,512336676.1949,442225,96328.482,251752404.5091,0
268,1646956800000,2606.5,2676.9,2521.94,2556.46,173808.268,1647043199999,450180024.30817,444087,88253.724,228609333.34805,0
269,1647043200000,2556.6,2617.09,2553.04,2567.98,71155.409,1647129599999,183936524.91808,187916,36448.476,94223210.96166,0
270,1647129600000,2567.98,2604.14,2491.63,2514.84,106485.9,1647215999999,272511165.06618,246682,53572.217,137133071.15477,0
271,1647216000000,2514.72,2609.1,2498.0,2589.23,160480.969,1647302399999,411200795.95716,409572,81367.165,208452053.26954,0
272,1647302400000,2589.31,2669.0,2506.0,2617.82,153469.0,1647388799999,395660337.96474,432837,79943.152,206235185.09318,0
273,1647388800000,2617.74,2788.0,2603.35,2773.67,236369.645,1647475199999,635584006.75797,655013,122909.527,330632091.09154,0
274,1647475200000,2773.68,2837.3,2746.66,2811.97,115967.134,1647561599999,323499192.23227,336067,58242.625,162501135.45378,0
275,1647561600000,2811.98,2985.73,2766.33,2939.13,157378.141,1647647999999,449923684.93735,411180,81093.445,231963766.32411,0
276,1647648000000,2939.06,2988.88,2891.08,2951.35,91218.544,1647734399999,269117951.28794,259661,46154.331,136178364.60435,0
277,1647734400000,2951.35,2964.83,2818.88,2861.82,114452.881,1647820799999,330136629.93719,323581,55645.365,160485950.23835,0
278,1647820800000,2861.82,2960.0,2832.31,2890.0,132181.304,1647907199999,383347534.36085,387518,65849.343,190996735.95335,0
279,1647907200000,2890.0,3054.0,2886.8,2969.78,156424.028,1647993599999,468480701.22841,393419,78570.762,235177682.9728,0
280,1647993600000,2969.78,3043.88,2920.7,3036.14,144164.774,1648079999999,428865030.27595,386253,69797.958,207665326.19474,0
281,1648080000000,3036.15,3129.92,3003.19,3111.52,172564.237,1648166399999,528678147.75092,426910,88584.322,271426959.32605,0
282,1648166400000,3111.95,3197.0,3077.21,3102.95,172389.515,1648252799999,539994822.7073,368473,87055.143,272683569.25672,0
283,1648252800000,3102.89,3154.22,3085.59,3145.16,79152.725,1648339199999,247210902.87748,203758,40022.233,124997392.40186,0
284,1648339200000,3145.16,3300.0,3126.06,3295.68,136387.59,1648425599999,435819614.45309,269053,70935.684,226745829.57311,0
285,1648425600000,3295.68,3430.0,3275.72,3333.8,204416.15,1648511999999,685408305.6849,401575,108648.123,364190105.26322,0
286,1648512000000,3334.3,3482.46,3331.39,3400.22,176179.976,1648598399999,601491572.44145,386059,89381.504,305140490.38247,0
287,1648598400000,3400.42,3447.51,3334.13,3385.89,132742.529,1648684799999,449882017.58279,324580,66548.87,225525332.64872,0
288,1648684800000,3385.69,3446.0,3261.51,3281.88,141013.337,1648771199999,473056739.08448,391510,69064.666,231819967.66689,0
289,1648771200000,3282.05,3482.64,3211.11,3455.55,176496.052,1648857599999,592404166.33759,425505,89376.088,300064601.90008,0
290,1648857600000,3455.41,3532.57,3432.0,3444.29,162472.823,1648943999999,565555865.45657,352730,79309.583,276080194.24316,0
291,1648944000000,3444.3,3581.0,3413.34,3520.93,157758.732,1649030399999,552469143.31167,322588,77431.721,271212278.96643,0
292,1649030400000,3520.94,3547.09,3407.0,3519.34,159720.447,1649116799999,555620944.1096,376581,77521.686,269710387.00845,0
293,1649116800000,3519.35,3554.51,3394.79,3405.35,132316.812,1649203199999,460390551.67639,352177,64306.296,223808122.81946,0
294,1649203200000,3405.51,3405.85,3160.0,3167.24,235037.669,1649289599999,769683003.83448,569561,112072.339,366883177.95875,0
295,1649289600000,3167.24,3268.14,3141.26,3225.88,156201.837,1649375999999,501314605.95271,407901,78138.811,250799875.44552,0
296,1649376000000,3225.75,3313.34,3172.98,3191.98,199117.413,1649462399999,648031851.37841,439601,98055.767,319160988.16241,0
297,1649462400000,3191.88,3268.27,3181.74,3258.49,87538.444,1649548799999,281731649.99204,222116,44934.68,144610491.05265,0
298,1649548800000,3258.49,3307.82,3190.0,3201.11,96041.234,1649635199999,312626172.48314,212748,48155.31,156792330.52005,0
299,1649635200000,3201.11,3212.36,2947.18,2978.47,278054.155,1649721599999,851614010.86162,543162,135084.612,413769076.05391,0
300,1649721600000,2978.56,3082.99,2948.75,3027.05,224384.55,1649807999999,677667159.55686,417795,113663.725,343263795.66401,0
301,1649808000000,3027.04,3131.18,2997.27,3117.17,213143.142,1649894399999,653361596.59292,350847,109354.105,335233026.28068,0
302,1649894400000,3117.17,3144.13,2974.21,3020.4,152988.059,1649980799999,467308146.44833,286560,74635.208,227900730.07982,0
303,1649980800000,3020.4,3059.98,2992.0,3039.19,92184.813,1650067199999,278979259.29101,219354,47312.207,143186814.74375,0
304,1650067200000,3039.2,3085.34,3009.0,3058.66,71365.856,1650153599999,216934785.84203,148799,37834.213,115023460.27407,0
305,1650153600000,3058.66,3081.76,2981.82,2986.44,117861.778,1650239999999,359068795.98213,224290,60359.399,183926261.25842,0
306,1650240000000,2986.45,3068.99,2881.38,3054.75,208929.305,1650326399999,617554740.8361,397030,106269.857,314281793.38224,0
307,1650326400000,3054.76,3129.87,3028.37,3101.17,156095.682,1650412799999,480397646.80481,290171,79755.664,245433117.96103,0
308,1650412800000,3101.16,3166.9,3035.74,3075.31,166001.519,1650499199999,513943661.18742,329176,83373.642,258224729.85589,0
309,1650499200000,3074.88,3179.91,2937.0,2981.78,209085.501,1650585599999,645033101.87917,400512,104884.625,323609084.91763,0
310,1650585600000,2981.79,3032.44,2932.98,2960.46,175823.697,1650671999999,524407841.70297,362341,87518.648,261017104.34884,0
311,1650672000000,2960.47,2976.96,2913.92,2931.48,71843.867,1650758399999,212110182.76656,163905,35127.495,103727025.12993,0
312,1650758400000,2931.2,2966.59,2911.0,2919.85,113856.666,1650844799999,334699521.45254,216154,57222.968,168210885.11278,0
313,1650844800000,2919.86,3025.0,2794.34,3006.0,253051.751,1650931199999,731305479.01572,495586,126528.437,365826620.9074,0
314,1650931200000,3006.15,3038.05,2762.72,2807.56,212810.203,1651017599999,617581696.33868,443948,102785.981,298515628.72767,0
315,1651017600000,2807.71,2919.34,2792.97,2888.1,219812.111,1651103999999,629930610.91207,458400,111323.806,319029057.85213,0
316,1651104000000,2888.09,2980.0,2853.87,2935.54,196632.735,1651190399999,573535500.50731,446556,101901.54,297265489.44279,0
317,1651190400000,2935.54,2945.62,2775.0,2815.56,205461.195,1651276799999,586398036.70469,420340,100528.319,286929649.56925,0
318,1651276800000,2815.56,2840.32,2712.91,2726.08,135271.566,1651363199999,377985129.91136,340269,66468.983,185792155.38033,0
319,1651363200000,2725.95,2848.19,2715.65,2823.47,147401.803,1651449599999,409991126.97106,369451,74814.683,208133010.72854,0
320,1651449600000,2823.46,2883.42,2772.62,2854.68,201358.774,1651535999999,569129036.13858,454652,102814.442,290652924.04346,0
321,1651536000000,2854.82,2859.91,2753.86,2780.6,152308.065,1651622399999,428744802.31499,431978,76056.146,214068768.47313,0
322,1651622400000,2780.59,2966.68,2770.68,2939.5,241662.17,1651708799999,692047351.54169,625867,123535.118,353706592.63638,0
323,1651708800000,2939.6,2954.18,2686.73,2746.03,290389.41,1651795199999,811779206.96629,642747,143804.819,401914498.58421,0
324,1651795200000,2746.02,2756.09,2631.03,2691.3,291774.44,1651881599999,786214145.47282,801839,142029.512,382689764.8349,0
325,1651881600000,2691.31,2702.81,2585.08,2633.94,174985.207,1651967999999,466107092.32057,449404,87933.803,234213147.03338,0
326,1651968000000,2633.99,2640.34,2480.33,2518.31,290038.97,1652054399999,738212153.7515,642353,141719.326,360664671.0848,0
327,1652054400000,2518.39,2529.28,2222.27,2226.97,555592.741,1652140799999,1311414693.29472,1001421,275867.266,651180306.89366,0
328,1652140800000,2227.84,2454.39,2197.55,2339.15,678366.563,1652227199999,1594488118.49862,1184933,342272.545,804461382.01487,0
329,1652227200000,2339.15,2449.98,1999.43,2076.79,1021884.672,1652313599999,2303186151.53499,2003139,519406.579,1171430961.73974,0
330,1652313600000,2076.79,2186.45,1693.41,1954.34,1004775.991,1652399999999,1931835363.75701,2105481,514311.32,988491215.24824,0
331,1652400000000,1954.45,2144.88,1934.35,2005.03,492559.796,1652486399999,1019890597.92418,913334,242600.162,502408861.64232,0
332,1652486400000,2004.93,2065.06,1946.87,2052.53,259804.195,1652572799999,521890403.61431,531118,131898.32,264964006.85882,0
333,1652572800000,2052.86,2163.84,1996.1,2141.85,250029.991,1652659199999,517924863.42328,465778,127390.79,264026775.34222,0
334,1652659200000,2141.86,2141.96,1975.67,2021.25,452751.426,1652745599999,918605870.6088,750898,223663.091,453564978.56185,0
335,1652745600000,2020.87,2120.0,2005.32,2087.79,316040.782,1652831999999,652217393.57503,544444,157876.616,325860867.18838,0
336,1652832000000,2087.79,2108.27,1904.45,1911.76,344070.997,1652918399999,685289286.13752,604884,170204.412,339224748.46364,0
337,1652918400000,1911.76,2037.45,1898.98,2016.91,390983.807,1653004799999,769648102.41353,640232,199863.972,393535028.69864,0
338,1653004800000,2016.99,2062.23,1919.52,1955.75,388866.346,1653091199999,774198620.43784,601708,198908.423,395806946.64484,0
339,1653091200000,1955.91,1987.56,1934.37,1971.23,202902.759,1653177599999,399163411.44303,299730,103558.68,203704500.18813,0
340,1653177600000,1971.22,2053.98,1961.9,2040.38,246762.438,1653263999999,495784993.36051,332657,124543.191,250248958.45851,0
341,1653264000000,2040.38,2086.26,1953.55,1970.15,427059.469,1653350399999,870169825.39439,585563,213592.698,435200904.03386,0
342,1653350400000,1970.15,1990.78,1909.68,1977.19,409980.932,1653436799999,802498418.36095,579844,204847.771,400990221.42688,0
343,1653436800000,1977.19,2019.99,1930.68,1939.79,410655.441,1653523199999,808355635.28398,518297,207278.039,407985209.32098,0
344,1653523200000,1939.79,1963.2,1725.79,1789.41,778434.235,1653609599999,1434853389.96583,874055,381261.296,702766691.9501,0
345,1653609600000,1789.41,1819.6,1702.15,1724.47,979100.043,1653695999999,1723993783.55342,984260,492040.544,866359776.03013,0
346,1653696000000,1724.46,1806.6,1718.47,1789.65,360903.246,1653782399999,637750551.49696,436052,183667.082,324623194.90984,0
347,1653782400000,1789.66,1825.0,1757.76,1811.18,271031.199,1653868799999,485906215.19719,356389,137730.476,246978292.19567,0
348,1653868800000,1811.09,2011.0,1800.86,1996.42,583301.084,1653955199999,1115363556.00267,684305,301210.625,575886622.85132,0
349,1653955200000,1996.42,2013.68,1923.16,1939.59,499769.302,1654041599999,981577843.46855,622006,250310.079,491639612.04837,0
350,1654041600000,1939.6,1970.91,1759.68,1814.8,691714.875,1654127999999,1299438446.59032,808985,345680.511,649587868.02844,0
351,1654128000000,1814.86,1851.0,1779.41,1831.85,512624.673,1654214399999,930585407.4248,592910,257282.913,467076387.49358,0
352,1654214400000,1831.85,1841.56,1734.81,1772.68,468003.771,1654300799999,830839004.79187,561852,233936.895,415270964.49143,0
353,1654300800000,1772.61,1813.8,1746.1,1802.1,216678.519,1654387199999,383958950.49754,274884,105147.414,186362272.95363,0
354,1654387200000,1802.01,1828.21,1770.78,1803.74,213447.385,1654473599999,384308653.14585,285363,110292.141,198580494.01616,0
355,1654473600000,1803.79,1917.5,1802.13,1857.36,472111.714,1654559999999,884858230.11583,571080,243084.716,455572748.94959,0
356,1654560000000,1857.35,1872.0,1722.14,1811.6,740003.146,1654646399999,1320351845.02622,822682,369399.941,659296839.74506,0
357,1654646400000,1811.6,1839.0,1762.8,1789.6,471290.247,1654732799999,848801877.64963,625774,232949.463,419589312.55697,0
358,1654732800000,1789.69,1830.95,1775.0,1786.65,281891.759,1654819199999,506634375.93751,380241,139608.034,250911301.85659,0
359,1654819200000,1786.65,1802.43,1652.0,1660.39,613617.969,1654905599999,1056898562.41752,724882,302235.701,520673478.8093,0
360,1654905600000,1660.39,1679.18,1497.31,1530.53,921479.135,1654991999999,1441504827.13663,905741,454600.66,710954169.83102,0
361,1654992000000,1530.6,1544.69,1421.55,1432.38,1081626.249,1655078399999,1596159942.63834,901441,547418.465,807842318.32928,0
362,1655078400000,1432.38,1452.73,1159.65,1207.28,2869231.767,1655164799999,3628842625.06927,2205038,1461224.167,1847588704.38873,0
363,1655164800000,1207.27,1267.62,1073.12,1207.05,2174855.693,1655251199999,2583950544.19921,1645952,1112382.104,1321988223.52224,0
364,1655251200000,1207.05,1250.0,1010.6,1235.47,2794626.916,1655337599999,3118613004.18973,2173193,1436724.831,1603521901.62589,0
365,1655337600000,1235.31,1258.36,1050.0,1066.32,1485022.086,1655423999999,1682258401.19955,1104466,755115.735,855623796.58597,0
366,1655424000000,1066.31,1116.1,1048.59,1084.89,1122555.741,1655510399999,1219296995.65595,816574,563068.581,611732798.78069,0
367,1655510400000,1084.89,1095.7,877.64,993.16,1747699.411,1655596799999,1707095162.57218,1165399,891998.68,870916116.95988,0
368,1655596800000,993.16,1157.35,934.17,1126.46,1513982.66,1655683199999,1558846490.86474,1110819,794491.761,818083256.62298,0
369,1655683200000,1126.59,1168.79,1051.14,1126.5,1289007.717,1655769599999,1427900275.84265,960429,651860.153,722094935.2435,0
370,1655769600000,1126.51,1193.0,1107.24,1124.19,986155.483,1655855999999,1131315190.62116,769410,502394.549,576495504.34518,0
371,1655856000000,1124.19,1125.52,1042.0,1048.45,1040914.827,1655942399999,1127717346.85308,757390,521676.149,565165814.7791,0
372,1655942400000,1048.46,1154.82,1043.39,1142.95,968672.459,1656028799999,1069281461.30212,716596,500513.682,552500743.45328,0
373,1656028800000,1142.94,1245.0,1130.69,1223.41,972282.665,1656115199999,1153678604.81966,754869,507603.122,602093414.11888,0
374,1656115200000,1223.4,1255.0,1178.45,1240.88,656679.67,1656201599999,796816951.33685,533860,333763.284,405084612.90752,0
375,1656201600000,1240.87,1278.75,1193.11,1196.55,684772.259,1656287999999,845738519.71038,523399,343458.381,424428571.49926,0
376,1656288000000,1196.54,1237.27,1171.44,1190.68,808565.03,1656374399999,972975665.68596,550182,405282.42,487844488.55011,0
377,1656374400000,1190.67,1237.24,1134.28,1142.0,970396.022,1656460799999,1153888698.77587,648490,483141.649,574926513.47784,0
378,1656460800000,1141.99,1155.48,1085.34,1098.05,1065473.607,1656547199999,1191411309.44077,682812,540386.022,604352161.35061,0
379,1656547200000,1098.18,1105.0,994.77,1069.8,1479293.741,1656633599999,1534961097.88082,874919,746789.11,774736437.35791,0
380,1656633600000,1069.63,1117.44,1031.5,1057.76,1355849.333,1656719999999,1444503563.15434,890863,691247.77,736453078.88524,0
381,1656720000000,1057.77,1077.19,1025.0,1065.19,630313.435,1656806399999,662321203.14004,429399,318800.886,335054102.41849,0
382,1656806400000,1065.19,1086.04,1038.83,1072.39,579252.016,1656892799999,614797479.8002,374635,291049.274,309020375.54551,0
383,1656892800000,1072.4,1159.1,1043.54,1149.36,1052562.504,1656979199999,1156568734.19297,613173,548859.006,603406653.59602,0
384,1656979200000,1149.35,1173.05,1075.42,1130.75,1244933.27,1657065599999,1402347358.95794,706011,637992.798,718997132.59713,0
385,1657065600000,1130.72,1203.5,1109.49,1184.96,1148019.043,1657151999999,1311497564.83409,693459,591506.762,675980215.8563,0
386,1657152000000,1184.96,1253.22,1161.89,1236.1,931436.224,1657238399999,1124235728.16272,546419,479324.057,578607071.30804,0
387,1657238400000,1236.12,1276.94,1191.55,1212.61,1264933.599,1657324799999,1555042868.8995,735707,642059.015,789410744.67928,0
388,1657324800000,1212.62,1235.0,1203.13,1215.79,429768.163,1657411199999,522764522.03776,300081,214397.122,260837717.00291,0
389,1657411200000,1215.79,1218.65,1152.2,1167.04,629609.083,1657497599999,741738751.642,395769,306780.346,361380023.25778,0
390,1657497600000,1167.03,1169.94,1090.15,1094.89,846968.269,1657583999999,962271271.0418,524685,424394.524,482159467.07406,0
391,1657584000000,1094.84,1096.79,1031.81,1036.85,1114310.479,1657670399999,1187992922.60731,706819,555619.498,592411795.1234,0
392,1657670400000,1036.84,1118.24,996.13,1113.39,1549976.685,1657756799999,1645248999.67849,884458,803905.56,853765929.32214,0
393,1657756800000,1113.4,1213.21,1069.81,1192.3,1385053.022,1657843199999,1559701499.81262,939590,714891.251,805193591.10988,0
394,1657843200000,1192.31,1288.5,1180.0,1230.12,1230033.704,1657929599999,1504786090.58506,1030574,635964.214,778286428.56967,0
395,1657929600000,1230.13,1439.75,1190.86,1354.84,1243440.993,1658015999999,1598216529.17791,1068674,651468.696,838009268.992,0
396,1658016000000,1354.84,1386.0,1316.7,1337.79,1022687.807,1658102399999,1382995614.01028,990552,510298.644,690212055.75801,0
397,1658102400000,1337.8,1596.45,1334.58,1580.01,1767800.833,1658188799999,2591451717.35216,1552053,907248.885,1329833602.8762,0
398,1658188800000,1580.0,1637.16,1491.92,1541.57,1678588.891,1658275199999,2593333257.19933,1678971,829204.076,1281186030.69037,0
399,1658275200000,1541.58,1619.79,1483.84,1521.29,1384619.102,1658361599999,2159994312.45213,1371412,688449.74,1074217079.60238,0
400,1658361600000,1521.29,1607.87,1462.8,1575.01,1376047.738,1658447999999,2094147961.71844,1316988,697423.524,1061864761.09973,0
401,1658448000000,1575.2,1645.75,1516.0,1534.59,1215420.071,1658534399999,1931628613.5176,1248585,608370.014,967006098.90978,0
402,1658534400000,1534.59,1595.83,1485.04,1547.89,951599.321,1658620799999,1463898332.78174,1048279,472856.903,727562099.75063,0
403,1658620800000,1547.88,1663.99,1545.24,1597.38,1078611.783,1658707199999,1723533895.61506,1147038,556035.928,888464770.26562,0
404,1658707200000,1597.38,1608.65,1435.0,1440.24,1390724.584,1658793599999,2108101338.17363,1415802,681957.752,1033827293.86771,0
405,1658793600000,1440.3,1454.47,1355.25,1448.26,1417637.724,1658879999999,1985946285.13429,1262032,714506.111,1001002027.14013,0
406,1658880000000,1448.27,1644.89,1420.52,1635.69,1631114.393,1658966399999,2474756853.19585,1556352,835030.05,1266961371.66075,0
407,1658966400000,1635.69,1786.4,1591.47,1723.89,1622021.873,1659052799999,2711787538.88027,1584055,833957.795,1394219983.53072,0
408,1659052800000,1723.9,1765.75,1656.12,1721.82,1436916.365,1659139199999,2458867141.92577,1393194,723847.131,1238788094.57728,0
409,1659139200000,1721.83,1744.36,1672.95,1696.92,899779.945,1659225599999,1538589972.60899,974439,445621.605,761981290.69258,0
410,1659225600000,1696.95,1754.0,1665.23,1677.82,819470.839,1659311999999,1397019415.09195,809238,415445.04,708310949.39843,0
411,1659312000000,1678.08,1704.63,1606.1,1629.38,947957.34,1659398399999,1572647887.99206,940941,469414.891,778772860.38244,0
412,1659398400000,1629.38,1678.0,1558.77,1630.21,1333646.959,1659484799999,2150255946.78917,1271961,672995.987,1085104731.142,0
413,1659484800000,1630.21,1683.8,1589.27,1617.65,928528.183,1659571199999,1524281672.78665,992314,466084.134,765098003.69039,0
414,1659571200000,1617.65,1662.5,1579.89,1607.32,1092239.11,1659657599999,1767876916.28177,992354,538621.294,871720931.06449,0
415,1659657600000,1607.25,1743.07,1604.97,1736.43,1291856.307,1659743999999,2169376658.93784,1124652,659057.56,1106670449.62341,0
416,1659744000000,1736.43,1749.9,1685.29,1689.99,628452.704,1659830399999,1079715342.37395,588318,307661.067,528645156.48454,0
417,1659830400000,1689.99,1729.32,1667.93,1699.76,523864.902,1659916799999,887910659.6221,510437,262915.419,445644405.96279,0
418,1659916800000,1699.75,1818.92,1693.6,1776.11,1029829.529,1660003199999,1817107336.92494,883315,531258.453,937251997.56336,0
419,1660003200000,1776.11,1790.6,1666.92,1702.43,896602.148,1660089599999,1543680323.08932,838663,442638.409,762071742.89606,0
420,1660089600000,1702.42,1887.71,1655.31,1853.29,1287322.977,1660175999999,2284365764.83103,1147376,655406.059,1164051512.43191,0
421,1660176000000,1853.29,1942.11,1850.1,1880.14,1318250.114,1660262399999,2497067931.678,1206515,668392.14,1266105011.39352,0
422,1660262400000,1880.14,1965.18,1853.0,1957.74,857183.209,1660348799999,1627803201.09615,955304,433326.195,823163656.75886,0
423,1660348800000,1957.74,2019.55,1946.26,1982.99,794774.976,1660435199999,1577772498.60914,896421,393615.065,781471710.94037,0
424,1660435200000,1982.99,2030.25,1906.5,1935.03,753056.247,1660521599999,1481716952.11129,840069,371119.475,730232229.51417,0
425,1660521600000,1935.03,2012.23,1872.17,1898.62,1343707.936,1660607999999,2581753165.60708,1219197,665163.515,1278275530.6149,0
426,1660608000000,1898.63,1914.56,1851.0,1876.06,966707.243,1660694399999,1820262742.51978,955262,479791.699,903377202.55693,0
427,1660694400000,1876.06,1958.69,1818.06,1833.56,1378910.189,1660780799999,2578051227.94826,1219630,679873.681,1271512830.46562,0
428,1660780800000,1833.56,1881.19,1820.84,1845.9,936645.364,1660867199999,1739917070.96792,898199,468331.858,869927017.88189,0
429,1660867200000,1845.89,1847.1,1602.0,1608.46,1776513.217,1660953599999,3057804178.56862,1426439,878558.537,1511622345.43766,0
430,1660953600000,1608.47,1655.85,1522.61,1574.82,1229327.08,1661039999999,1972500045.92546,990748,614965.013,986905431.67814,0
431,1661040000000,1574.82,1647.64,1560.44,1617.45,1059009.955,1661126399999,1701896939.17876,900114,533863.721,857855045.89644,0
432,1661126400000,1617.45,1632.0,1527.89,1623.92,1505991.207,1661212799999,2372779611.49401,1173298,758368.141,1194904237.99237,0
433,1661212800000,1623.92,1677.06,1562.61,1664.12,1414927.212,1661299199999,2294974570.62334,1019071,719968.447,1167869187.78468,0
434,1661299200000,1664.12,1693.66,1604.96,1655.67,1166090.576,1661385599999,1921834303.26245,820214,584034.491,962517472.94142,0
435,1661385600000,1655.67,1721.0,1653.58,1694.36,810635.215,1661471999999,1374528722.00672,626277,408051.933,691876848.9646,0
436,1661472000000,1694.35,1705.54,1485.32,1507.08,1981040.567,1661558399999,3211394345.40275,1246887,981304.538,1591160650.30833,0
437,1661558400000,1507.1,1517.31,1445.0,1489.98,1289421.875,1661644799999,1916645334.84138,841409,644208.704,957535953.47526,0
438,1661644800000,1489.98,1510.0,1423.07,1426.09,943733.117,1661731199999,1393639820.54199,670682,469436.066,693417725.12964,0
439,1661731200000,1426.09,1559.89,1421.0,1550.88,1412105.82,1661817599999,2098088008.28732,966019,724440.044,1076334628.5925,0
440,1661817600000,1550.85,1605.0,1472.8,1523.51,1866391.431,1661903999999,2884322941.92806,1299590,941260.983,1454755230.42258,0
441,1661904000000,1523.51,1619.56,1523.35,1553.18,1604142.084,1661990399999,2526014868.48162,1301745,813018.817,1280354063.53291,0
442,1661990400000,1553.18,1599.69,1511.0,1585.26,1532469.725,1662076799999,2380642869.19674,1101636,774320.55,1203051145.81862,0
443,1662076800000,1585.27,1648.0,1545.31,1574.46,1482565.389,1662163199999,2369966563.18331,1083443,744017.172,1189570849.48845,0
444,1662163200000,1574.45,1581.94,1532.9,1556.44,703842.814,1662249599999,1094399344.9656,587658,352573.938,548200355.78106,0
445,1662249600000,1556.44,1583.47,1540.0,1578.44,663521.109,1662335999999,1035227822.65489,547521,335996.109,524217445.96161,0
446,1662336000000,1578.44,1631.05,1556.23,1616.64,838378.279,1662422399999,1326493378.465,677256,427019.483,675778633.58097,0
447,1662422400000,1616.68,1685.99,1551.81,1558.22,1740161.876,1662508799999,2837828462.68198,1267525,869445.033,1418515556.35076,0
448,1662508800000,1558.23,1658.25,1489.09,1629.38,1577967.066,1662595199999,2460080292.4698,1070900,803441.005,1252794804.31512,0
449,1662595200000,1629.38,1665.11,1594.25,1634.22,1569224.619,1662681599999,2554098374.41993,1063345,788652.653,1283711625.15834,0
450,1662681600000,1634.21,1746.13,1629.68,1717.98,1459398.036,1662767999999,2483029300.14694,1023805,740007.899,1258901827.54223,0
451,1662768000000,1717.99,1789.27,1705.79,1774.02,832092.679,1662854399999,1445040191.9962,689356,423945.664,736433404.83054,0
452,1662854400000,1774.02,1789.05,1718.38,1765.11,780347.596,1662940799999,1374022034.5503,621236,386273.303,680212492.73642,0
453,1662940800000,1765.1,1783.55,1691.81,1715.44,1288108.854,1663027199999,2234549309.36773,996967,637278.671,1105591316.36494,0
454,1663027200000,1715.43,1759.5,1557.04,1571.84,2053698.592,1663113599999,3367624274.20647,1536974,1013905.617,1663037880.09346,0
455,1663113600000,1571.84,1641.88,1549.17,1634.32,1441202.845,1663199999999,2298581868.1229,1136169,718590.593,1146204757.44372,0
456,1663200000000,1634.33,1658.05,1453.54,1471.49,2739538.651,1663286399999,4274658690.19291,2043707,1355223.804,2114686608.15884,0
457,1663286400000,1471.49,1481.96,1405.0,1433.37,1787384.68,1663372799999,2589303216.19681,1216748,896107.877,1298391633.01404,0
458,1663372800000,1433.33,1475.37,1408.58,1467.97,921561.541,1663459199999,1330793686.13328,683716,465744.42,672625181.17527,0
459,1663459200000,1467.98,1468.92,1322.64,1333.53,1633159.04,1663545599999,2274324370.27054,1024042,792150.472,1102786340.29762,0
460,1663545600000,1333.54,1394.92,1279.72,1375.17,2353462.964,1663631999999,3127304943.49389,1552961,1181649.571,1570474789.26383,0
461,1663632000000,1375.18,1384.33,1310.72,1322.4,1738169.598,1663718399999,2348810687.49063,1374605,861741.814,1164495930.36295,0
462,1663718400000,1322.36,1423.0,1216.45,1244.69,2422548.041,1663804799999,3207029471.15828,1904082,1209777.606,1602334345.06648,0
463,1663804800000,1244.67,1348.51,1236.24,1325.83,2246534.556,1663891199999,2893178028.22874,1243890,1138578.932,1466252140.01656,0
464,1663891200000,1325.82,1358.2,1261.18,1326.49,2414061.323,1663977599999,3155570529.53924,1301143,1211633.676,1583598212.42386,0
465,1663977600000,1326.49,1348.46,1305.85,1316.23,996199.76,1664063999999,1323221422.00059,608697,503600.515,668912455.96948,0
466,1664064000000,1316.23,1336.65,1268.09,1294.02,1083646.257,1664150399999,1416392323.7403,582035,534122.906,698304539.20218,0
467,1664150400000,1294.01,1339.54,1277.1,1335.39,1776411.198,1664236799999,2330673583.24437,982486,897022.748,1176919999.15896,0
468,1664236800000,1335.37,1400.08,1303.01,1327.27,1909952.454,1664323199999,2593226817.65402,1032768,964037.378,1309020005.40011,0
469,1664323200000,1327.27,1355.09,1252.55,1336.42,2205332.803,1664409599999,2878849155.04873,1102576,1102019.463,1438941673.62042,0
470,1664409600000,1336.43,1351.58,1287.63,1334.99,1801466.855,1664495999999,2388370711.49287,962028,904135.735,1198647539.15183,0
471,1664496000000,1334.99,1372.8,1312.98,1327.9,1635295.526,1664582399999,2188144353.78942,922248,825034.333,1104031209.19427,0
472,1664582400000,1327.9,1332.98,1302.0,1311.13,544838.726,1664668799999,719057277.18663,361724,263650.125,347995964.03698,0
473,1664668800000,1311.12,1317.26,1267.99,1275.8,752645.925,1664755199999,976354936.02126,565686,362386.858,470033459.85972,0
474,1664755200000,1275.79,1328.76,1262.3,1322.71,1084500.005,1664841599999,1414166896.29506,683931,549030.726,715879920.04235,0
475,1664841600000,1322.71,1369.3,1318.4,1360.98,1000070.676,1664927999999,1346388936.06601,740645,513992.163,691870968.32848,0
476,1664928000000,1361.02,1364.51,1315.89,1351.72,942135.158,1665014399999,1265584278.24978,619640,472233.076,634387835.62504,0
477,1665014400000,1351.72,1383.2,1343.85,1351.52,1371488.888,1665100799999,1871426650.59234,1004022,679958.991,927903739.37498,0
478,1665100800000,1351.51,1361.04,1315.76,1330.67,973648.15,1665187199999,1304179791.99832,850364,500463.454,670454541.77601,0
479,1665187200000,1330.67,1337.0,1303.09,1314.71,418869.756,1665273599999,554116540.43629,533876,204849.709,271007673.2465,0
480,1665273600000,1314.7,1328.2,1307.03,1322.82,436895.106,1665359999999,576040415.47303,373238,220128.867,290205218.97124,0
481,1665360000000,1322.82,1337.83,1287.0,1289.57,881548.414,1665446399999,1154708857.88023,595768,437375.205,572865217.22142,0
482,1665446400000,1289.58,1297.45,1265.52,1279.39,1110657.069,1665532799999,1423592333.63263,614990,545646.682,699358647.89934,0
483,1665532800000,1279.39,1305.78,1274.49,1293.82,881175.381,1665619199999,1140535760.7279,519588,453168.075,586528301.36133,0
484,1665619200000,1293.82,1301.0,1168.0,1286.43,1808990.85,1665705599999,2268185020.04046,1198962,897453.82,1125611624.52208,0
485,1665705600000,1286.43,1343.55,1282.91,1295.63,1386200.73,1665791999999,1826268170.44419,944108,707412.19,932063438.34281,0
486,1665792000000,1295.64,1300.85,1262.51,1274.35,574970.733,1665878399999,738250618.2965,499222,279649.47,359097137.35411,0
487,1665878400000,1274.34,1314.68,1274.13,1305.26,588645.139,1665964799999,760660419.00286,373116,298277.36,385455483.80881,0
488,1665964800000,1305.25,1338.0,1295.07,1330.64,919527.084,1666051199999,1213797723.33105,586465,463777.369,612195772.64857,0
489,1666051200000,1330.63,1341.22,1286.08,1310.06,1166575.119,1666137599999,1536809502.35649,651049,579593.337,763533134.19219,0
490,1666137600000,1310.06,1312.67,1279.48,1284.63,802691.363,1666223999999,1041605023.86784,526151,392279.782,509043425.92339,0
491,1666224000000,1284.64,1309.99,1270.0,1282.02,933560.671,1666310399999,1203839447.787,532740,457264.09,589687006.48733,0
492,1666310400000,1282.02,1306.5,1252.8,1299.15,998312.151,1666396799999,1281113708.42078,558251,500671.768,642662227.98272,0
493,1666396800000,1299.16,1319.56,1293.88,1313.01,368374.81,1666483199999,481641576.00741,289431,187974.482,245798535.90058,0
494,1666483200000,1313.0,1370.59,1299.46,1363.42,590743.793,1666569599999,785185981.96422,491253,308952.187,410826010.60944,0
495,1666569600000,1363.42,1369.7,1323.63,1343.15,989346.962,1666655999999,1329589764.09075,654745,499727.535,671479400.59586,0
496,1666656000000,1343.16,1532.91,1334.0,1459.6,1910406.243,1666742399999,2727115307.34738,1076220,988306.688,1410211636.74378,0
497,1666742400000,1459.59,1594.16,1457.2,1565.72,1844353.297,1666828799999,2834168430.37102,1200379,946777.124,1454519505.69972,0
498,1666828800000,1565.73,1578.89,1501.0,1513.63,1273154.878,1666915199999,1968258898.78786,1051845,627052.751,969614509.52971,0
499,1666915200000,1513.67,1575.84,1478.0,1554.11,1260603.927,1667001599999,1922152192.08699,979817,629794.828,960756887.63697,0
500,1667001600000,1554.11,1666.26,1547.02,1619.45,1264045.481,1667087999999,2042829964.72173,942435,642747.307,1038641394.68995,0
501,1667088000000,1619.46,1639.78,1576.12,1590.07,730444.36,1667174399999,1169585541.00407,597750,357701.437,572683360.50137,0
502,1667174400000,1590.07,1634.84,1545.12,1571.88,1261091.59,1667260799999,1996064555.80827,963235,624766.827,989078823.47005,0
503,1667260800000,1571.87,1612.54,1562.5,1577.54,858687.317,1667347199999,1359719680.35514,656382,427880.896,677492419.77342,0
504,1667347200000,1577.55,1620.68,1501.25,1517.45,1657549.246,1667433599999,2590627807.1069,1162873,823138.964,1286545843.74298,0
505,1667433600000,1517.46,1558.0,1514.26,1530.35,762958.906,1667519999999,1174878777.39147,514499,380597.659,586039963.51334,0
506,1667520000000,1530.35,1678.21,1527.75,1644.23,1371486.594,1667606399999,2205243655.92927,855400,692401.352,1113396129.07745,0
507,1667606400000,1644.22,1666.0,1620.41,1626.4,504366.949,1667692799999,828136137.33725,388093,250382.66,411117399.16492,0
508,1667692800000,1626.4,1638.32,1563.22,1567.63,615850.902,1667779199999,991687691.35222,456734,293098.016,472093900.16551,0
509,1667779200000,1567.62,1607.96,1545.0,1567.48,926557.596,1667865599999,1460321128.86338,658737,458619.657,722812757.10715,0
510,1667865600000,1567.5,1579.36,1205.56,1333.65,3770715.566,1667951999999,5391857595.99272,2432139,1840799.765,2630168985.60104,0
511,1667952000000,1333.65,1336.13,1069.77,1098.96,3978578.181,1668038399999,4780791665.98884,2797160,1937220.261,2329264030.50511,0
512,1668038400000,1098.98,1347.9,1082.41,1294.81,3426466.558,1668124799999,4239424056.50491,2290128,1740272.438,2152427386.55815,0
513,1668124800000,1294.81,1329.0,1189.29,1285.48,2330690.34,1668211199999,2935204262.20701,1915251,1185606.243,1493497821.26746,0
514,1668211200000,1285.48,1289.09,1234.95,1254.68,888966.981,1668297599999,1121024853.4227,826134,451055.39,568842964.25656,0
515,1668297600000,1254.68,1271.47,1196.22,1218.85,846856.585,1668383999999,1044755301.01634,778317,421429.356,519975511.30683,0
516,1668384000000,1218.86,1288.82,1169.0,1240.69,1787846.605,1668470399999,2199033888.46644,1379407,899716.632,1107200402.00312,0
517,1668470400000,1240.69,1289.88,1231.61,1251.1,1072970.827,1668556799999,1349986987.27942,930200,539276.499,678462736.26213,0
518,1668556800000,1251.1,1266.5,1185.0,1214.6,1153404.615,1668643199999,1409084434.28984,920750,563829.927,689064397.03878,0
519,1668643200000,1214.61,1226.8,1180.64,1198.81,1093758.101,1668729599999,1314258165.24391,888181,542059.145,651379758.78937,0
520,1668729600000,1198.82,1234.77,1197.67,1210.55,702793.56,1668815999999,852422288.39849,557812,360227.498,436942439.51685,0
521,1668816000000,1210.56,1231.6,1195.68,1215.62,384797.728,1668902399999,465446705.2859,303679,200250.86,242240028.72136,0
522,1668902400000,1215.62,1224.81,1130.03,1139.9,1104616.564,1668988799999,1295297023.58893,685440,529953.243,621508001.98251,0
523,1668988800000,1139.91,1144.59,1077.0,1105.22,2108366.501,1669075199999,2349035220.71686,1121190,1037299.285,1155868812.41052,0
524,1669075200000,1105.44,1147.0,1071.65,1137.64,1477457.575,1669161599999,1638235220.7103,946525,750190.066,832082007.3396,0
525,1669161600000,1137.64,1189.15,1125.72,1182.7,1331685.022,1669247999999,1547161482.31879,869229,679588.389,789689321.04211,0
526,1669248000000,1182.76,1215.84,1178.89,1202.22,938681.758,1669334399999,1124597235.99478,618508,469332.359,562365223.62446,0
527,1669334400000,1202.22,1209.0,1170.19,1198.0,829267.461,1669420799999,984884326.214,532921,424860.5,504695723.95417,0
528,1669420800000,1198.01,1234.99,1195.05,1204.44,641338.645,1669507199999,778952022.39166,491364,331481.761,402684371.71984,0
529,1669507200000,1204.43,1221.91,1187.5,1192.65,545374.605,1669593599999,660377916.21516,365631,270983.372,328162729.86049,0
530,1669593600000,1192.65,1197.96,1148.85,1166.54,1080518.736,1669679999999,1263960118.37494,633798,529753.873,619784102.40185,0
531,1669680000000,1166.54,1226.33,1156.57,1215.47,1062619.362,1669766399999,1279420822.87422,639623,554050.641,667092270.25452,0
532,1669766400000,1215.48,1313.5,1211.28,1293.97,1462220.851,1669852799999,1862028275.15835,791484,769378.821,979822513.47945,0
533,1669852800000,1294.03,1300.0,1261.78,1275.84,926393.745,1669939199999,1185023135.4142,453414,455904.902,583220992.77051,0
534,1669939200000,1275.85,1296.89,1264.73,1295.26,813975.888,1670025599999,1041927710.29837,449706,412463.328,527949905.41904,0
535,1670025600000,1295.26,1307.77,1235.14,1239.72,640453.799,1670111999999,813032583.54111,394181,306778.466,389620573.89291,0
536,1670112000000,1239.72,1286.96,1239.32,1279.03,647531.363,1670198399999,818090758.41693,392812,327021.534,413201607.64708,0
537,1670198400000,1279.03,1304.8,1245.66,1258.81,1019283.708,1670284799999,1303047200.47928,667981,505014.709,645866242.37142,0
538,1670284800000,1258.8,1274.0,1240.16,1270.73,756730.903,1670371199999,950425580.2614,523094,366997.429,460981805.83937,0
539,1670371200000,1270.73,1277.11,1217.7,1230.58,947427.786,1670457599999,1172033165.39203,559123,456545.615,564792865.87994,0
540,1670457600000,1230.57,1294.47,1221.55,1279.73,1052608.352,1670543999999,1319532271.97288,619149,536239.143,672339319.17775,0
541,1670544000000,1279.72,1296.19,1255.22,1262.39,860070.457,1670630399999,1097438333.57324,635813,439235.342,560460810.83656,0
542,1670630400000,1262.38,1283.24,1259.3,1266.04,442994.203,1670716799999,562044913.01305,373550,229298.096,290938142.81392,0
543,1670716800000,1266.04,1284.32,1255.5,1262.59,455044.049,1670803199999,578243445.63481,345024,226129.667,287343269.50669,0
544,1670803200000,1262.59,1279.0,1240.0,1275.06,831130.558,1670889599999,1042862138.64691,490051,420118.607,527171602.42401,0
545,1670889600000,1275.07,1347.91,1254.86,1320.54,1355229.907,1670975999999,1766856573.30596,835294,682377.73,889735108.99429,0
546,1670976000000,1320.53,1352.0,1300.05,1307.11,1010655.173,1671062399999,1337300534.09704,680445,503526.806,666355960.61873,0
547,1671062400000,1307.12,1310.74,1257.79,1266.09,776716.434,1671148799999,993561678.24891,510060,384193.569,491431628.97807,0
548,1671148800000,1266.09,1279.26,1155.0,1166.1,1518444.14,1671235199999,1835425881.05479,786091,724771.688,875863253.46852,0
549,1671235200000,1166.1,1190.0,1161.49,1186.7,728662.457,1671321599999,857667859.68359,396825,362896.93,427148464.29726,0
550,1671321600000,1186.69,1196.0,1171.27,1182.53,567869.739,1671407999999,671643012.03366,275048,286015.404,338250517.62068,0
551,1671408000000,1182.53,1194.84,1149.82,1167.49,828873.244,1671494399999,975261894.99297,513238,412851.821,485768457.99273,0
552,1671494400000,1167.5,1230.0,1163.0,1216.53,1127586.384,1671580799999,1358861389.20992,610291,575368.142,693376528.93306,0
553,1671580800000,1216.53,1223.16,1202.68,1213.55,528180.195,1671667199999,639978354.77721,322965,267742.443,324408628.25294,0
554,1671667200000,1213.55,1237.4,1182.34,1217.55,868778.327,1671753599999,1048126522.44317,472021,430528.627,519400971.28785,0
555,1671753600000,1217.56,1230.81,1210.03,1219.37,577897.804,1671839999999,705257133.59718,335532,289100.387,352818045.41947,0
556,1671840000000,1219.37,1227.05,1214.13,1220.05,241179.788,1671926399999,293993691.71361,137486,120465.746,146827438.91525,0
557,1671926400000,1220.05,1224.63,1181.7,1217.96,491935.486,1672012799999,596067191.15244,293942,246982.73,299278506.35523,0
558,1672012800000,1217.97,1230.77,1210.15,1227.55,342719.45,1672099199999,417647184.53582,203037,173150.797,211001808.67334,0
559,1672099200000,1227.58,1233.43,1199.75,1210.88,552559.693,1672185599999,671137414.65116,313165,271348.864,329547363.65444,0
560,1672185600000,1210.89,1215.25,1185.0,1195.12,321636.135,1672271999999,385071433.57835,181799,154127.965,184514523.01806,0
